UF;cod_municipio;municipio;zona;secao;emissao_do_BU_na_urna;registro_hr_no_repositorio_TSE;status_no_aux;arquivos_da_secao;motivo_da_inclusao
PE;23574;CABO DE SANTO AGOSTINHO;0015;0014;04/10/2026 17:22:10;05/10/2026 10:49:34;Totalizada;bu,log,rdv,vota;registro depois de 23h41 de 04/10
PE;23574;CABO DE SANTO AGOSTINHO;0015;0015;04/10/2026 17:20:32;05/10/2026 10:49:34;Totalizada;bu,log,rdv,vota;registro depois de 23h41 de 04/10
PE;23574;CABO DE SANTO AGOSTINHO;0015;0022;04/10/2026 18:10:32;05/10/2026 10:49:33;Totalizada;bu,log,rdv,vota;registro depois de 23h41 de 04/10
PE;23574;CABO DE SANTO AGOSTINHO;0015;0027;04/10/2026 17:57:22;05/10/2026 10:49:34;Totalizada;bu,log,rdv,vota;registro depois de 23h41 de 04/10
PE;23574;CABO DE SANTO AGOSTINHO;0015;0028;04/10/2026 18:41:22;05/10/2026 10:49:33;Totalizada;bu,log,rdv,vota;registro depois de 23h41 de 04/10
PE;23574;CABO DE SANTO AGOSTINHO;0015;0030;04/10/2026 17:14:21;05/10/2026 10:49:33;Totalizada;bu,log,rdv,vota;registro depois de 23h41 de 04/10
PE;23574;CABO DE SANTO AGOSTINHO;0015;0042;04/10/2026 17:24:58;05/10/2026 10:49:34;Totalizada;bu,log,rdv,vota;registro depois de 23h41 de 04/10
PE;23574;CABO DE SANTO AGOSTINHO;0015;0043;04/10/2026 18:08:26;05/10/2026 10:49:33;Totalizada;bu,log,rdv,vota;registro depois de 23h41 de 04/10
PE;23574;CABO DE SANTO AGOSTINHO;0015;0044;04/10/2026 17:29:52;05/10/2026 10:49:34;Totalizada;bu,log,rdv,vota;registro depois de 23h41 de 04/10
PE;23574;CABO DE SANTO AGOSTINHO;0015;0045;04/10/2026 18:07:38;05/10/2026 10:49:34;Totalizada;bu,log,rdv,vota;registro depois de 23h41 de 04/10
PE;23574;CABO DE SANTO AGOSTINHO;0015;0059;04/10/2026 17:03:57;05/10/2026 10:49:34;Totalizada;bu,log,rdv,vota;registro depois de 23h41 de 04/10
PE;23574;CABO DE SANTO AGOSTINHO;0015;0060;04/10/2026 17:47:34;05/10/2026 10:49:34;Totalizada;bu,log,rdv,vota;registro depois de 23h41 de 04/10
PE;23574;CABO DE SANTO AGOSTINHO;0015;0061;04/10/2026 17:23:40;05/10/2026 10:49:33;Totalizada;bu,log,rdv,vota;registro depois de 23h41 de 04/10
PE;23574;CABO DE SANTO AGOSTINHO;0015;0062;04/10/2026 17:09:41;05/10/2026 10:49:33;Totalizada;bu,log,rdv,vota;registro depois de 23h41 de 04/10
PE;23574;CABO DE SANTO AGOSTINHO;0015;0063;04/10/2026 17:08:33;05/10/2026 10:49:33;Totalizada;bu,log,rdv,vota;registro depois de 23h41 de 04/10
PE;23574;CABO DE SANTO AGOSTINHO;0015;0064;04/10/2026 17:07:11;05/10/2026 10:49:34;Totalizada;bu,log,rdv,vota;registro depois de 23h41 de 04/10
PE;23574;CABO DE SANTO AGOSTINHO;0015;0069;04/10/2026 18:25:46;05/10/2026 10:49:34;Totalizada;bu,log,rdv,vota;registro depois de 23h41 de 04/10
PE;23574;CABO DE SANTO AGOSTINHO;0015;0070;04/10/2026 18:25:39;05/10/2026 10:49:35;Totalizada;bu,log,rdv,vota;registro depois de 23h41 de 04/10
PE;23574;CABO DE SANTO AGOSTINHO;0015;0071;04/10/2026 18:22:35;05/10/2026 10:49:35;Totalizada;bu,log,rdv,vota;registro depois de 23h41 de 04/10
PE;23574;CABO DE SANTO AGOSTINHO;0015;0073;04/10/2026 18:23:18;05/10/2026 10:49:35;Totalizada;bu,log,rdv,vota;registro depois de 23h41 de 04/10
PE;23574;CABO DE SANTO AGOSTINHO;0015;0074;04/10/2026 18:22:29;05/10/2026 10:49:35;Totalizada;bu,log,rdv,vota;registro depois de 23h41 de 04/10
PE;23574;CABO DE SANTO AGOSTINHO;0015;0075;04/10/2026 18:21:55;05/10/2026 10:49:35;Totalizada;bu,log,rdv,vota;registro depois de 23h41 de 04/10
PE;23574;CABO DE SANTO AGOSTINHO;0015;0077;04/10/2026 17:26:48;05/10/2026 10:49:35;Totalizada;bu,log,rdv,vota;registro depois de 23h41 de 04/10
PE;23574;CABO DE SANTO AGOSTINHO;0015;0078;04/10/2026 18:07:17;05/10/2026 10:49:35;Totalizada;bu,log,rdv,vota;registro depois de 23h41 de 04/10
PE;23574;CABO DE SANTO AGOSTINHO;0015;0079;04/10/2026 17:31:24;05/10/2026 10:49:35;Totalizada;bu,log,rdv,vota;registro depois de 23h41 de 04/10
PE;23574;CABO DE SANTO AGOSTINHO;0015;0087;04/10/2026 17:43:36;05/10/2026 10:49:33;Totalizada;bu,log,rdv,vota;registro depois de 23h41 de 04/10
PE;23574;CABO DE SANTO AGOSTINHO;0015;0088;04/10/2026 18:21:59;05/10/2026 10:49:33;Totalizada;bu,log,rdv,vota;registro depois de 23h41 de 04/10
PE;23574;CABO DE SANTO AGOSTINHO;0015;0100;04/10/2026 17:32:47;05/10/2026 10:49:35;Totalizada;bu,log,rdv,vota;registro depois de 23h41 de 04/10
PE;23574;CABO DE SANTO AGOSTINHO;0015;0103;04/10/2026 17:33:21;05/10/2026 10:49:35;Totalizada;bu,log,rdv,vota;registro depois de 23h41 de 04/10
PE;23574;CABO DE SANTO AGOSTINHO;0015;0105;04/10/2026 17:44:21;05/10/2026 10:49:34;Totalizada;bu,log,rdv,vota;registro depois de 23h41 de 04/10
PE;23574;CABO DE SANTO AGOSTINHO;0015;0122;04/10/2026 17:11:43;05/10/2026 10:49:35;Totalizada;bu,log,rdv,vota;registro depois de 23h41 de 04/10
PE;23574;CABO DE SANTO AGOSTINHO;0015;0123;04/10/2026 17:15:34;05/10/2026 10:49:33;Totalizada;bu,log,rdv,vota;registro depois de 23h41 de 04/10
PE;23574;CABO DE SANTO AGOSTINHO;0015;0125;04/10/2026 17:07:48;05/10/2026 10:49:34;Totalizada;bu,log,rdv,vota;registro depois de 23h41 de 04/10
PE;23574;CABO DE SANTO AGOSTINHO;0015;0135;04/10/2026 17:52:31;05/10/2026 10:49:32;Totalizada;bu,log,rdv,vota;registro depois de 23h41 de 04/10
PE;23574;CABO DE SANTO AGOSTINHO;0015;0140;04/10/2026 17:06:36;05/10/2026 10:49:34;Totalizada;bu,log,rdv,vota;registro depois de 23h41 de 04/10
PE;23574;CABO DE SANTO AGOSTINHO;0015;0151;04/10/2026 18:18:12;05/10/2026 10:49:33;Totalizada;bu,log,rdv,vota;registro depois de 23h41 de 04/10
PE;23574;CABO DE SANTO AGOSTINHO;0015;0154;04/10/2026 17:07:11;05/10/2026 10:49:34;Totalizada;bu,log,rdv,vota;registro depois de 23h41 de 04/10
PE;23574;CABO DE SANTO AGOSTINHO;0015;0160;04/10/2026 17:52:43;05/10/2026 10:49:34;Totalizada;bu,log,rdv,vota;registro depois de 23h41 de 04/10
PE;23574;CABO DE SANTO AGOSTINHO;0015;0164;04/10/2026 17:34:14;05/10/2026 10:49:33;Totalizada;bu,log,rdv,vota;registro depois de 23h41 de 04/10
PE;23574;CABO DE SANTO AGOSTINHO;0015;0174;04/10/2026 17:04:21;05/10/2026 10:49:34;Totalizada;bu,log,rdv,vota;registro depois de 23h41 de 04/10
PE;23574;CABO DE SANTO AGOSTINHO;0015;0176;04/10/2026 17:21:38;05/10/2026 10:49:33;Totalizada;bu,log,rdv,vota;registro depois de 23h41 de 04/10
PE;23574;CABO DE SANTO AGOSTINHO;0015;0181;04/10/2026 17:04:26;05/10/2026 10:49:35;Totalizada;bu,log,rdv,vota;registro depois de 23h41 de 04/10
PE;23574;CABO DE SANTO AGOSTINHO;0015;0186;04/10/2026 17:05:40;05/10/2026 10:49:35;Totalizada;bu,log,rdv,vota;registro depois de 23h41 de 04/10
PE;23574;CABO DE SANTO AGOSTINHO;0015;0188;04/10/2026 17:03:42;05/10/2026 10:49:36;Totalizada;bu,log,rdv,vota;registro depois de 23h41 de 04/10
PE;23574;CABO DE SANTO AGOSTINHO;0015;0189;04/10/2026 17:05:00;05/10/2026 10:49:33;Totalizada;bu,log,rdv,vota;registro depois de 23h41 de 04/10
PE;23574;CABO DE SANTO AGOSTINHO;0015;0191;04/10/2026 17:08:36;05/10/2026 10:49:33;Totalizada;bu,log,rdv,vota;registro depois de 23h41 de 04/10
PE;23574;CABO DE SANTO AGOSTINHO;0015;0199;04/10/2026 17:46:17;05/10/2026 10:49:34;Totalizada;bu,log,rdv,vota;registro depois de 23h41 de 04/10
PE;23574;CABO DE SANTO AGOSTINHO;0015;0200;04/10/2026 17:03:45;05/10/2026 10:49:35;Totalizada;bu,log,rdv,vota;registro depois de 23h41 de 04/10
PE;23574;CABO DE SANTO AGOSTINHO;0015;0205;04/10/2026 17:17:33;05/10/2026 10:49:34;Totalizada;bu,log,rdv,vota;registro depois de 23h41 de 04/10
PE;23574;CABO DE SANTO AGOSTINHO;0015;0209;04/10/2026 17:04:41;05/10/2026 10:49:35;Totalizada;bu,log,rdv,vota;registro depois de 23h41 de 04/10
PE;23574;CABO DE SANTO AGOSTINHO;0121;0048;04/10/2026 18:31:24;05/10/2026 14:40:45;Recebida;bu,imgbu,log,rdv,vota;registro depois de 23h41 de 04/10
PE;24775;LIMOEIRO;0024;0118;04/10/2026 17:20:53;05/10/2026 10:49:33;Totalizada;bu,log,rdv,vota;registro depois de 23h41 de 04/10
PE;25135;PAULISTA;0114;0113;04/10/2026 17:05:35;05/10/2026 13:31:57;Recebida;bu,imgbu,log,rdv,vota;registro depois de 23h41 de 04/10
PE;25135;PAULISTA;0114;0115;04/10/2026 17:09:52;05/10/2026 13:31:07;Recebida;bu,imgbu,log,rdv,vota;registro depois de 23h41 de 04/10
PE;25135;PAULISTA;0114;0146;04/10/2026 18:02:53;05/10/2026 13:24:10;Recebida;bu,imgbu,log,rdv,vota;registro depois de 23h41 de 04/10
PE;25135;PAULISTA;0114;0150;04/10/2026 17:57:27;05/10/2026 13:31:38;Recebida;bu,imgbu,log,rdv,vota;registro depois de 23h41 de 04/10
PE;25135;PAULISTA;0114;0158;04/10/2026 17:42:35;05/10/2026 13:31:49;Recebida;bu,imgbu,log,rdv,vota;registro depois de 23h41 de 04/10
PE;25135;PAULISTA;0114;0161;04/10/2026 17:26:07;05/10/2026 13:31:30;Recebida;bu,imgbu,log,rdv,vota;registro depois de 23h41 de 04/10
PE;25135;PAULISTA;0114;0163;04/10/2026 17:09:57;05/10/2026 13:31:22;Recebida;bu,imgbu,log,rdv,vota;registro depois de 23h41 de 04/10
PE;25313;RECIFE;0003;0756;04/10/2026 17:45:45;05/10/2026 12:30:41;Totalizada;bu,log,rdv,vota;registro depois de 23h41 de 04/10
