UF;cod_municipio;municipio;zona;secoes_com_status_Recebida_na_coleta_de_05_10;secoes_da_zona_com_BU
MG;41335;BETIM;0316;529;559
SP;71072;SÃO PAULO;0397;518;518
MG;41335;BETIM;0319;446;449
MG;54038;UBERLÂNDIA;0279;437;442
SP;62910;CAMPINAS;0378;424;424
SP;62910;CAMPINAS;0379;415;415
SP;63134;CARAPICUÍBA;0303;414;414
SP;63134;CARAPICUÍBA;0388;414;426
SP;63118;CARAGUATATUBA;0206;383;383
SP;64254;FRANCA;0291;374;381
PA;04278;BELÉM;0097;354;354
SP;64270;FRANCISCO MORATO;0367;353;353
SP;64254;FRANCA;0046;351;351
SP;64777;GUARULHOS;0176;348;437
SP;64777;GUARULHOS;0185;347;434
SP;64777;GUARULHOS;0394;344;452
MG;53716;TEÓFILO OTONI;0269;317;335
SP;69213;PRAIA GRANDE;0406;131;424
PA;04430;CAPANEMA;0025;63;203
PA;05037;OEIRAS DO PARÁ;0045;61;91
SP;70718;SANTOS;0118;50;393
SP;71072;SÃO PAULO;0003;43;434
SP;70998;SÃO JOSÉ DOS CAMPOS;0127;41;406
SP;70971;SÃO JOSÉ DO RIO PRETO;0267;39;443
SP;71072;SÃO PAULO;0020;38;454
SP;71072;SÃO PAULO;0002;35;439
SP;71072;SÃO PAULO;0001;33;449
PA;04618;GURUPÁ;0026;26;89
SP;71072;SÃO PAULO;0351;12;373
SP;71072;SÃO PAULO;0260;8;511
PE;25135;PAULISTA;0114;7;241
SP;71072;SÃO PAULO;0353;5;557
SP;71072;SÃO PAULO;0375;5;546
AM;02330;FONTE BOA;0010;1;54
PA;05215;PRIMAVERA;0033;1;36
PA;04499;CHAVES;0017;1;63
PE;23574;CABO DE SANTO AGOSTINHO;0121;1;288
