UF;cargo;posicao;candidato;numero;partido;votos_oficial;percentual;situacao;soma_BUs_igual_ao_oficial_em_todos_os_candidatos_da_UF_neste_cargo
AC;Governador;1;MAILZA ASSIS;11;PP;218760;49,76;2º turno;sim
AC;Governador;2;ALAN RICK;10;REPUBLICANOS;141859;32,27;2º turno;sim
AC;Governador;3;TIÃO BOCALOM;45;PSDB;44946;10,22;Não eleito;sim
AC;Senador;1;MARCIO BITTAR;222;PL;223972;25,59;Eleito;sim
AC;Senador;2;MARA ROCHA;100;REPUBLICANOS;157104;17,95;Eleito;sim
AC;Senador;3;GLADSON CAMELÍ;111;PP;145244;16,59;Não eleito;sim
AL;Governador;1;JHC;45;PSDB;892484;52,20;Eleito;sim
AL;Governador;2;RENAN FILHO;15;MDB;809796;47,37;Não eleito;sim
AL;Governador;3;LENILDA LUNA;80;UP;6454;0,38;Não eleito;sim
AL;Senador;1;ARTHUR LIRA;111;PP;948703;28,87;Eleito;sim
AL;Senador;2;MARINA JHC;456;PSDB;926860;28,20;Eleito;sim
AL;Senador;3;RENAN;151;MDB;731045;22,24;Não eleito;sim
AP;Governador;1;DR. FURLAN;55;PSD;281595;62,75;Eleito;sim
AP;Governador;2;CLÉCIO;44;UNIÃO;165900;36,97;Não eleito;sim
AP;Governador;3;CARLOS CLEY;16;PSTU;561;0,13;Não eleito;sim
AP;Senador;1;RAYSSA FURLAN;200;PODE;264799;29,98;Eleito;sim
AP;Senador;2;LUCAS BARRETO;555;PSD;213948;24,22;Eleito;sim
AP;Senador;3;RANDOLFE;130;PT;163857;18,55;Não eleito;sim
AM;Governador;1;OMAR AZIZ;55;PSD;841846;40,63;2º turno;sim
AM;Governador;2;PROFESSORA MARIA DO CARMO;22;PL;507335;24,49;2º turno;sim
AM;Governador;3;ROBERTO CIDADE;44;UNIÃO;453896;21,91;Não eleito;sim
AM;Senador;1;EDUARDO BRAGA;155;MDB;1240471;32,29;Eleito;sim
AM;Senador;2;PLINIO VALÉRIO;455;PSDB;948793;24,70;Eleito;sim
AM;Senador;3;CAPITÃO ALBERTO NETO;222;PL;909155;23,66;Não eleito;sim
BA;Governador;1;JERÔNIMO RODRIGUES;13;PT;4626509;55,80;Eleito;sim
BA;Governador;2;ACM NETO;44;UNIÃO;3625227;43,72;Não eleito;sim
BA;Governador;3;RONALDO MANSUR;50;PSOL;27243;0,33;Não eleito;sim
BA;Senador;1;RUI COSTA;133;PT;4335196;30,07;Eleito;sim
BA;Senador;2;JAQUES WAGNER;130;PT;3986690;27,65;Eleito;sim
BA;Senador;3;ANGELO CORONEL;100;REPUBLICANOS;2898885;20,11;Não eleito;sim
CE;Governador;1;ELMANO DE FREITAS;13;PT;2875573;53,19;Eleito;sim
CE;Governador;2;CIRO GOMES;45;PSDB;2498891;46,22;Não eleito;sim
CE;Governador;3;DELEGADO HUGGO;14;MISSÃO;17219;0,32;Não eleito;sim
CE;Senador;1;CID GOMES;400;PSB;3033562;31,22;Eleito;sim
CE;Senador;2;LUIZIANNE;180;REDE;2822806;29,05;Eleito;sim
CE;Senador;3;CAPITÃO WAGNER;445;UNIÃO;2011388;20,70;Não eleito;sim
DF;Governador;1;CELINA LEÃO;11;PP;825530;49,93;2º turno;sim
DF;Governador;2;LEANDRO GRASS;13;PT;569930;34,47;2º turno;sim
DF;Governador;3;PAULA BELMONTE;45;PSDB;140765;8,51;Não eleito;sim
DF;Senador;1;MICHELLE BOLSONARO;222;PL;938496;29,05;Eleito;sim
DF;Senador;2;BIA KICIS;223;PL;886616;27,44;Eleito;sim
DF;Senador;3;LEILA DO VÔLEI;123;PDT;686340;21,25;Não eleito;sim
ES;Governador;1;LORENZO PAZOLINI;10;REPUBLICANOS;1048633;49,65;2º turno;sim
ES;Governador;2;RICARDO FERRAÇO;15;MDB;719397;34,06;2º turno;sim
ES;Governador;3;HELDER SALOMÃO;13;PT;323483;15,32;Não eleito;sim
ES;Senador;1;RENATO CASAGRANDE;400;PSB;995361;24,70;Eleito;sim
ES;Senador;2;EVAIR DE MELO;100;REPUBLICANOS;982978;24,39;Eleito;sim
ES;Senador;3;MAGUINHA MALTA;222;PL;761722;18,90;Não eleito;sim
GO;Governador;1;DANIEL VILELA;15;MDB;2148218;59,17;Eleito;sim
GO;Governador;2;WILDER MORAIS;22;PL;797141;21,96;Não eleito;sim
GO;Governador;3;LUIS CESAR BUENO;13;PT;356692;9,82;Não eleito;sim
GO;Senador;1;GUSTAVO GAYER;222;PL;1639247;24,53;Eleito;sim
GO;Senador;2;GRACINHA CAIADO;444;UNIÃO;1458522;21,83;Eleito;sim
GO;Senador;3;DR. ZACHARIAS CALIL;155;MDB;998319;14,94;Não eleito;sim
MA;Governador;1;EDUARDO BRAIDE;55;PSD;2104122;54,02;Eleito;sim
MA;Governador;2;ORLEANS BRANDÃO;15;MDB;1354044;34,76;Não eleito;sim
MA;Governador;3;FELIPE CAMARÃO;13;PT;374039;9,60;Não eleito;sim
MA;Senador;1;FUFUCA;111;PP;1530187;21,43;Eleito;sim
MA;Senador;2;LAHESIO BONFIM;300;NOVO;1471859;20,61;Eleito;sim
MA;Senador;3;ROSEANA SARNEY;151;MDB;1171634;16,41;Não eleito;sim
MT;Governador;1;OTAVIANO PIVETTA;10;REPUBLICANOS;1128099;60,77;Eleito;sim
MT;Governador;2;WELLINGTON FAGUNDES;22;PL;430442;23,19;Não eleito;sim
MT;Governador;3;DOUTORA NATASHA;55;PSD;281548;15,17;Não eleito;sim
MT;Senador;1;MAURO MENDES;444;UNIÃO;1187352;33,21;Eleito;sim
MT;Senador;2;ZÉ MEDEIROS;222;PL;977777;27,35;Eleito;sim
MT;Senador;3;JANAINA RIVA;150;MDB;519434;14,53;Não eleito;sim
MS;Governador;1;EDUARDO RIEDEL;11;PP;914323;67,07;Eleito;sim
MS;Governador;2;FÁBIO TRAD;13;PT;322807;23,68;Não eleito;sim
MS;Governador;3;JOÃO HENRIQUE CATAN;30;NOVO;98677;7,24;Não eleito;sim
MS;Senador;1;REINALDO AZAMBUJA;222;PL;903554;34,64;Eleito;sim
MS;Senador;2;CAPITÃO CONTAR;221;PL;856045;32,82;Eleito;sim
MS;Senador;3;VANDER LOUBET;133;PT;361920;13,88;Não eleito;sim
MG;Governador;1;CLEITINHO AZEVEDO;10;REPUBLICANOS;6321590;55,40;Eleito;sim
MG;Governador;2;PATRUS ANANIAS;13;PT;3006088;26,34;Não eleito;sim
MG;Governador;3;FLÁVIO ROSCOE;22;PL;795193;6,97;Não eleito;sim
MG;Senador;1;DOMINGOS SÁVIO;222;PL;4968829;24,21;Eleito;sim
MG;Senador;2;MARÍLIA CAMPOS;131;PT;3990864;19,44;Eleito;sim
MG;Senador;3;CARLOS VIANA;555;PSD;3583487;17,46;Não eleito;sim
PA;Governador;1;DR. DANIEL;20;PODE;2345721;51,36;Eleito;sim
PA;Governador;2;HANA GHASSAN;15;MDB;2125084;46,53;Não eleito;sim
PA;Governador;3;ARACELI;50;PSOL;85857;1,88;Não eleito;sim
PA;Senador;1;HELDER;151;MDB;2342070;26,10;Eleito;sim
PA;Senador;2;CHICÃO;444;UNIÃO;2014409;22,45;Eleito;sim
PA;Senador;3;DELEGADO ÉDER MAURO;222;PL;1997768;22,26;Não eleito;sim
PB;Governador;1;LUCAS RIBEIRO;11;PP;1470252;64,30;Eleito;sim
PB;Governador;2;EFRAIM FILHO;22;PL;552836;24,18;Não eleito;sim
PB;Governador;3;CÍCERO LUCENA;15;MDB;252884;11,06;Não eleito;sim
PB;Senador;1;JOAO AZEVÊDO;400;PSB;1391994;32,50;Eleito;sim
PB;Senador;2;VENEZIANO;155;MDB;974550;22,76;Eleito;sim
PB;Senador;3;NABOR;100;REPUBLICANOS;895398;20,91;Não eleito;sim
PR;Governador;1;SERGIO MORO;22;PL;3127911;50,10;Eleito;sim
PR;Governador;2;SANDRO ALEX;55;PSD;1583764;25,37;Não eleito;sim
PR;Governador;3;REQUIÃO FILHO;12;PDT;1465601;23,47;Não eleito;sim
PR;Senador;1;FILIPE BARROS;222;PL;3148583;27,25;Eleito;sim
PR;Senador;2;DELTAN DALLAGNOL;300;NOVO;2904594;25,14;Eleito;sim
PR;Senador;3;ALEXANDRE CURI;100;REPUBLICANOS;1947135;16,85;Não eleito;sim
PE;Governador;1;RAQUEL LYRA;55;PSD;2805438;53,27;Eleito;sim
PE;Governador;2;JOÃO CAMPOS;40;PSB;2360469;44,82;Não eleito;sim
PE;Governador;3;IVAN MORAES;50;PSOL;77699;1,48;Não eleito;sim
PE;Senador;1;HUMBERTO COSTA;130;PT;2531389;27,19;Eleito;sim
PE;Senador;2;MARÍLIA ARRAES;123;PDT;2325127;24,97;Eleito;sim
PE;Senador;3;MENDONÇA FILHO;222;PL;1728587;18,57;Não eleito;sim
PI;Governador;1;RAFAEL FONTELES;13;PT;1436697;70,90;Eleito;sim
PI;Governador;2;JOEL RODRIGUES;11;PP;557972;27,54;Não eleito;sim
PI;Governador;3;PROFESSOR GISVALDO;50;PSOL;10002;0,49;Não eleito;sim
PI;Senador;1;MARCELO CASTRO;151;MDB;1307833;35,67;Eleito;sim
PI;Senador;2;JÚLIO CÉSAR O JULIM DO LULA;555;PSD;989146;26,98;Eleito;sim
PI;Senador;3;CIRO NOGUEIRA;111;PP;904961;24,68;Não eleito;sim
RJ;Governador;1;DOUGLAS RUAS;22;PL;4271199;49,27;2º turno;sim
RJ;Governador;2;EDUARDO PAES;55;PSD;3706984;42,76;2º turno;sim
RJ;Governador;3;GAROTINHO;10;REPUBLICANOS;274411;3,17;Não eleito;sim
RJ;Senador;1;CARLOS PORTINHO;222;PL;4264932;26,77;Eleito;sim
RJ;Senador;2;CARLOS JORDY;221;PL;3912405;24,56;Eleito;sim
RJ;Senador;3;BENEDITA DA SILVA;131;PT;3220765;20,22;Não eleito;sim
RN;Governador;1;ALLYSON;44;UNIÃO;733809;36,94;2º turno;sim
RN;Governador;2;CADU DE LULA;13;PT;718300;36,16;2º turno;sim
RN;Governador;3;ÁLVARO DIAS;22;PL;530580;26,71;Não eleito;sim
RN;Senador;1;STYVENSON VALENTIM;200;PODE;1055000;29,25;Eleito;sim
RN;Senador;2;SAMANDA DE LULA;131;PT;635924;17,63;Eleito;sim
RN;Senador;3;ZENAIDE MAIA;555;PSD;630159;17,47;Não eleito;sim
RO;Governador;1;MARCOS ROGÉRIO;22;PL;537370;56,86;Eleito;sim
RO;Governador;2;ADAILTON FURIA;55;PSD;189547;20,06;Não eleito;sim
RO;Governador;3;HILDON CHAVES;44;UNIÃO;134355;14,22;Não eleito;sim
RO;Senador;1;DR. FERNANDO MÁXIMO;221;PL;570799;31,97;Eleito;sim
RO;Senador;2;BRUNO SCHEID;222;PL;474226;26,56;Eleito;sim
RO;Senador;3;SÍLVIA CRISTINA;111;PP;304061;17,03;Não eleito;sim
RR;Governador;1;ARTHUR HENRIQUE;22;PL;220809;69,13;Eleito;sim
RR;Governador;2;SOLDADO SAMPAIO;10;REPUBLICANOS;93434;29,25;Não eleito;sim
RR;Governador;3;ROSI AIRES;50;PSOL;4880;1,53;Não eleito;sim
RR;Senador;1;NICOLETTI;227;PL;138269;22,68;Eleito;sim
RR;Senador;2;TERESA SURITA;155;MDB;117270;19,24;Eleito;sim
RR;Senador;3;HELENA DA ASATUR;555;PSD;106652;17,50;Não eleito;sim
SC;Governador;1;JORGINHO MELLO;22;PL;2942386;68,98;Eleito;sim
SC;Governador;2;GELSON MERÍSIO;40;PSB;668021;15,66;Não eleito;sim
SC;Governador;3;JOÃO RODRIGUES;55;PSD;569263;13,35;Não eleito;sim
SC;Senador;1;CAROL DE TONI;221;PL;2694918;33,46;Eleito;sim
SC;Senador;2;CARLOS BOLSONARO;222;PL;2041840;25,35;Eleito;sim
SC;Senador;3;ESPERIDIÃO AMIN;111;PP;1233034;15,31;Não eleito;sim
SP;Governador;1;TARCÍSIO;10;REPUBLICANOS;14491874;62,65;Eleito;sim
SP;Governador;2;FERNANDO HADDAD;13;PT;8423656;36,42;Não eleito;sim
SP;Governador;3;VIVIAN MENDES;80;UP;80480;0,35;Não eleito;sim
SP;Senador;1;GUILHERME DERRITE;111;PP;13273880;30,59;Eleito;sim
SP;Senador;2;ANDRÉ DO PRADO;222;PL;12703089;29,28;Eleito;sim
SP;Senador;3;SIMONE TEBET;400;PSB;8342968;19,23;Não eleito;sim
SE;Governador;1;FÁBIO;55;PSD;727291;59,27;Eleito;sim
SE;Governador;2;VALMIR DE FRANCISQUINHO;10;REPUBLICANOS;459908;37,48;Não eleito;sim
SE;Governador;3;DR. HELTON;50;PSOL;37081;3,02;Não eleito;sim
SE;Senador;1;ROGERIO CARVALHO;131;PT;511142;21,91;Eleito;sim
SE;Senador;2;DELEGADO ALESSANDRO;155;MDB;399775;17,13;Eleito;sim
SE;Senador;3;DELEGADO ANDRÉ DAVID;101;REPUBLICANOS;378710;16,23;Não eleito;sim
TO;Governador;1;PROFESSORA DORINHA;44;UNIÃO;386260;45,52;2º turno;sim
TO;Governador;2;VICENTINHO JÚNIOR;45;PSDB;372848;43,94;2º turno;sim
TO;Governador;3;LAUREZ MOREIRA;55;PSD;69967;8,24;Não eleito;sim
TO;Senador;1;EDUARDO GOMES;222;PL;450191;27,22;Eleito;sim
TO;Senador;2;ALEXANDRE GUIMARÃES;153;MDB;316786;19,16;Eleito;sim
TO;Senador;3;ELI BORGES;100;REPUBLICANOS;271829;16,44;Não eleito;sim
