UF;mun;zona;secao;cert_valido;cn_cert;arquivos_assinados;hash_ok;hash_falha;assin_ok;assin_falha;nao_publicados;auto_hash_hw;auto_hash_sw;erro
MG;50075;0047;0041;1;UEAO02458923;busa.dat,rdv.dat,imgbusa.dat,hash.dat,mr.ver,logsa.jez;3;0;6;0;imgbusa.dat,hash.dat,mr.ver;1;1;
MG;41238;0039;0168;1;UEAO02254078;busa.dat,rdv.dat,imgbusa.dat,hash.dat,mr.ver,logsa.jez;3;0;6;0;imgbusa.dat,hash.dat,mr.ver;1;1;
ZZ;29173;0001;0494;1;ueao01808076;busa.dat,rdv.dat,imgbusa.dat,hash.dat,mr.ver,logsa.jez;3;0;6;0;imgbusa.dat,hash.dat,mr.ver;1;1;
ZZ;29297;0001;0495;1;ueao01808076;busa.dat,rdv.dat,imgbusa.dat,hash.dat,mr.ver,logsa.jez;3;0;6;0;imgbusa.dat,hash.dat,mr.ver;1;1;
ZZ;29580;0001;0096;1;ueao01808076;busa.dat,rdv.dat,imgbusa.dat,hash.dat,mr.ver,logsa.jez;3;0;6;0;imgbusa.dat,hash.dat,mr.ver;1;1;
ZZ;29777;0001;0127;1;ueao01808076;busa.dat,rdv.dat,imgbusa.dat,hash.dat,mr.ver,logsa.jez;3;0;6;0;imgbusa.dat,hash.dat,mr.ver;1;1;
ZZ;29912;0001;0150;1;ueao01808076;busa.dat,rdv.dat,imgbusa.dat,hash.dat,mr.ver,logsa.jez;3;0;6;0;imgbusa.dat,hash.dat,mr.ver;1;1;
ZZ;30708;0001;0444;1;ueao01808076;busa.dat,rdv.dat,imgbusa.dat,hash.dat,mr.ver,logsa.jez;3;0;6;0;imgbusa.dat,hash.dat,mr.ver;1;1;
ZZ;39102;0001;0712;1;ueao01808076;busa.dat,rdv.dat,imgbusa.dat,hash.dat,mr.ver,logsa.jez;3;0;6;0;imgbusa.dat,hash.dat,mr.ver;1;1;
ZZ;29300;0001;0006;1;ueao01808076;busa.dat,rdv.dat,imgbusa.dat,hash.dat,mr.ver,logsa.jez;3;0;6;0;imgbusa.dat,hash.dat,mr.ver;1;1;
ZZ;29564;0001;0091;1;ueao01808076;busa.dat,rdv.dat,imgbusa.dat,hash.dat,mr.ver,logsa.jez;3;0;6;0;imgbusa.dat,hash.dat,mr.ver;1;1;
ZZ;29645;0001;0380;1;ueao01808076;busa.dat,rdv.dat,imgbusa.dat,hash.dat,mr.ver,logsa.jez;3;0;6;0;imgbusa.dat,hash.dat,mr.ver;1;1;
ZZ;30163;0001;0647;1;ueao01808076;busa.dat,rdv.dat,imgbusa.dat,hash.dat,mr.ver,logsa.jez;3;0;6;0;imgbusa.dat,hash.dat,mr.ver;1;1;
ZZ;30171;0001;1340;1;ueao01808076;busa.dat,rdv.dat,imgbusa.dat,hash.dat,mr.ver,logsa.jez;3;0;6;0;imgbusa.dat,hash.dat,mr.ver;1;1;
ZZ;99473;0001;1327;1;ueao01808076;busa.dat,rdv.dat,imgbusa.dat,hash.dat,mr.ver,logsa.jez;3;0;6;0;imgbusa.dat,hash.dat,mr.ver;1;1;
ZZ;29270;0001;0003;1;ueao01808076;busa.dat,rdv.dat,imgbusa.dat,hash.dat,mr.ver,logsa.jez;3;0;6;0;imgbusa.dat,hash.dat,mr.ver;1;1;
ZZ;29394;0001;0028;1;ueao01808076;busa.dat,rdv.dat,imgbusa.dat,hash.dat,mr.ver,logsa.jez;3;0;6;0;imgbusa.dat,hash.dat,mr.ver;1;1;
ZZ;30597;0001;1182;1;ueao01808076;busa.dat,rdv.dat,imgbusa.dat,hash.dat,mr.ver,logsa.jez;3;0;6;0;imgbusa.dat,hash.dat,mr.ver;1;1;
ZZ;30686;0001;0443;1;ueao01808076;busa.dat,rdv.dat,imgbusa.dat,hash.dat,mr.ver,logsa.jez;3;0;6;0;imgbusa.dat,hash.dat,mr.ver;1;1;
ZZ;38962;0001;0558;1;ueao01808076;busa.dat,rdv.dat,imgbusa.dat,hash.dat,mr.ver,logsa.jez;3;0;6;0;imgbusa.dat,hash.dat,mr.ver;1;1;
ZZ;29858;0001;1183;1;ueao01808076;busa.dat,rdv.dat,imgbusa.dat,hash.dat,mr.ver,logsa.jez;3;0;6;0;imgbusa.dat,hash.dat,mr.ver;1;1;
ZZ;30821;0001;1524;1;ueao01808076;busa.dat,rdv.dat,imgbusa.dat,hash.dat,mr.ver,logsa.jez;3;0;6;0;imgbusa.dat,hash.dat,mr.ver;1;1;
ZZ;30333;0001;0353;1;ueao01808076;busa.dat,rdv.dat,imgbusa.dat,hash.dat,mr.ver,logsa.jez;3;0;6;0;imgbusa.dat,hash.dat,mr.ver;1;1;
ZZ;30430;0001;0384;1;ueao01808076;busa.dat,rdv.dat,imgbusa.dat,hash.dat,mr.ver,logsa.jez;3;0;6;0;imgbusa.dat,hash.dat,mr.ver;1;1;
ZZ;99155;0001;1504;1;ueao01808076;busa.dat,rdv.dat,imgbusa.dat,hash.dat,mr.ver,logsa.jez;3;0;6;0;imgbusa.dat,hash.dat,mr.ver;1;1;
ZZ;29254;0001;0001;1;ueao01808076;busa.dat,rdv.dat,imgbusa.dat,hash.dat,mr.ver,logsa.jez;3;0;6;0;imgbusa.dat,hash.dat,mr.ver;1;1;
ZZ;29750;0001;1703;1;ueao01808076;busa.dat,rdv.dat,imgbusa.dat,hash.dat,mr.ver,logsa.jez;3;0;6;0;imgbusa.dat,hash.dat,mr.ver;1;1;
ZZ;30295;0001;0348;1;ueao01808076;busa.dat,rdv.dat,imgbusa.dat,hash.dat,mr.ver,logsa.jez;3;0;6;0;imgbusa.dat,hash.dat,mr.ver;1;1;
ZZ;30325;0001;0352;1;ueao01808076;busa.dat,rdv.dat,imgbusa.dat,hash.dat,mr.ver,logsa.jez;3;0;6;0;imgbusa.dat,hash.dat,mr.ver;1;1;
ZZ;30546;0001;1764;1;ueao01808076;busa.dat,rdv.dat,imgbusa.dat,hash.dat,mr.ver,logsa.jez;3;0;6;0;imgbusa.dat,hash.dat,mr.ver;1;1;
ZZ;99180;0001;1228;1;ueao01808076;busa.dat,rdv.dat,imgbusa.dat,hash.dat,mr.ver,logsa.jez;3;0;6;0;imgbusa.dat,hash.dat,mr.ver;1;1;
