UF;mun;zona;secao;tipos_apuracao;motivo_registrado;cargos_digitados;apuracao_cancelada_vezes;inicio_SA;fim_busa;emissao_BU_busa_no_repositorio
MG;41238;0039;0168;DIGITAÇÃO DO BU MAIS CÉDULAS | RECEPÇÃO DE MÍDIA DE RESULTADO MAIS CÉDULAS;Urna encerrada com eleitores na fila;Dep. Fed.,Dep. Est.,Sen.,Gov.,Pres.;1;04/10/2026 20:34:58;04/10/2026 22:09:14;
MG;50075;0047;0041;DIGITAÇÃO DO BU MAIS CÉDULAS;Urna encerrada com eleitores na fila;Dep. Fed.,Dep. Est.,Sen.,Gov.,Pres.;1;04/10/2026 21:02:54;04/10/2026 22:25:27;
ZZ;29173;0001;0494;DIGITAÇÃO DE BUEx;Outros | Outros | Outros | Outros | Outros | Outros | Outros | Outros | Outros | Outros | Outros;Pres.,Pres.,Pres.,Pres.,Pres.,Pres.,Pres.,Pres.,Pres.,Pres.,Pres.,Pres.;0;04/10/2026 17:32:33;04/10/2026 17:37:58;
ZZ;29254;0001;0001;DIGITAÇÃO DE BUEx;Outros;Pres.;0;04/10/2026 17:32:33;04/10/2026 17:37:58;
ZZ;29270;0001;0003;DIGITAÇÃO DE BUEx;Outros | Outros;Pres.,Pres.;0;04/10/2026 17:32:33;04/10/2026 17:37:58;
ZZ;29297;0001;0495;DIGITAÇÃO DE BUEx;Outros | Outros | Outros;Pres.,Pres.,Pres.;0;04/10/2026 17:32:33;04/10/2026 17:37:58;
ZZ;29300;0001;0006;DIGITAÇÃO DE BUEx;Outros | Outros | Outros | Outros;Pres.,Pres.,Pres.,Pres.;0;04/10/2026 17:32:33;04/10/2026 17:37:58;
ZZ;29394;0001;0028;DIGITAÇÃO DE BUEx;Outros | Outros | Outros | Outros | Outros | Outros;Pres.,Pres.,Pres.,Pres.,Pres.,Pres.;0;04/10/2026 17:32:33;04/10/2026 17:37:58;
ZZ;29564;0001;0091;DIGITAÇÃO DE BUEx;Outros | Outros | Outros | Outros | Outros | Outros | Outros | Outros | Outros | Outros | Outros | Outros | Outros | Outros | Outros | Outros | Outros | Outros | Outros | Outros | Outros | Outros | Outros | Outros | Outros | Outros;Pres.,Pres.,Pres.,Pres.,Pres.,Pres.,Pres.,Pres.,Pres.,Pres.,Pres.,Pres.,Pres.,Pres.,Pres.,Pres.,Pres.,Pres.,Pres.,Pres.,Pres.,Pres.,Pres.,Pres.,Pres.,Pres.,Pres.;1;04/10/2026 17:32:33;04/10/2026 17:37:58;
ZZ;29580;0001;0096;DIGITAÇÃO DE BUEx;Outros | Outros | Outros | Outros | Outros | Outros | Outros;Pres.,Pres.,Pres.,Pres.,Pres.,Pres.,Pres.;0;04/10/2026 17:32:33;04/10/2026 17:37:58;
ZZ;29645;0001;0380;DIGITAÇÃO DE BUEx;Outros | Outros | Outros | Outros | Outros | Outros | Outros | Outros | Outros;Pres.,Pres.,Pres.,Pres.,Pres.,Pres.,Pres.,Pres.,Pres.;0;04/10/2026 17:32:33;04/10/2026 17:37:58;
ZZ;29750;0001;1703;DIGITAÇÃO DE BUEx;Outros | Outros | Outros | Outros | Outros | Outros | Outros | Outros | Outros | Outros;Pres.,Pres.,Pres.,Pres.,Pres.,Pres.,Pres.,Pres.,Pres.,Pres.,Pres.;0;04/10/2026 17:32:33;04/10/2026 17:37:58;
ZZ;29777;0001;0127;DIGITAÇÃO DE BUEx;Outros | Outros | Outros | Outros | Outros | Outros | Outros | Outros | Outros | Outros | Outros | Outros | Outros | Outros | Outros | Outros | Outros | Outros | Outros | Outros | Outros | Outros | Outros | Outros | Outros | Outros | Outros | Outros | Outros;Pres.,Pres.,Pres.,Pres.,Pres.,Pres.,Pres.,Pres.,Pres.,Pres.,Pres.,Pres.,Pres.,Pres.,Pres.,Pres.,Pres.,Pres.,Pres.,Pres.,Pres.,Pres.,Pres.,Pres.,Pres.,Pres.,Pres.,Pres.,Pres.,Pres.;1;04/10/2026 17:32:33;04/10/2026 17:37:58;
ZZ;29858;0001;1183;DIGITAÇÃO DE BUEx;Outros | Outros | Outros | Outros | Outros | Outros | Outros | Outros | Outros | Outros | Outros | Outros;Pres.,Pres.,Pres.,Pres.,Pres.,Pres.,Pres.,Pres.,Pres.,Pres.,Pres.,Pres.,Pres.;0;04/10/2026 17:32:33;04/10/2026 17:37:58;
ZZ;29912;0001;0150;DIGITAÇÃO DE BUEx;Outros | Outros | Outros | Outros | Outros | Outros | Outros | Outros | Outros | Outros | Outros | Outros | Outros;Pres.,Pres.,Pres.,Pres.,Pres.,Pres.,Pres.,Pres.,Pres.,Pres.,Pres.,Pres.,Pres.,Pres.;0;04/10/2026 17:32:33;04/10/2026 17:37:58;
ZZ;30163;0001;0647;DIGITAÇÃO DE BUEx;Outros | Outros | Outros | Outros | Outros | Outros | Outros | Outros | Outros | Outros | Outros | Outros | Outros | Outros | Outros | Outros | Outros | Outros | Outros | Outros | Outros | Outros | Outros;Pres.,Pres.,Pres.,Pres.,Pres.,Pres.,Pres.,Pres.,Pres.,Pres.,Pres.,Pres.,Pres.,Pres.,Pres.,Pres.,Pres.,Pres.,Pres.,Pres.,Pres.,Pres.,Pres.,Pres.;1;04/10/2026 17:32:33;04/10/2026 17:37:58;
ZZ;30171;0001;1340;DIGITAÇÃO DE BUEx;Outros | Outros | Outros | Outros | Outros | Outros | Outros | Outros | Outros | Outros | Outros | Outros | Outros | Outros | Outros | Outros | Outros | Outros | Outros | Outros | Outros | Outros | Outros | Outros;Pres.,Pres.,Pres.,Pres.,Pres.,Pres.,Pres.,Pres.,Pres.,Pres.,Pres.,Pres.,Pres.,Pres.,Pres.,Pres.,Pres.,Pres.,Pres.,Pres.,Pres.,Pres.,Pres.,Pres.,Pres.;1;04/10/2026 17:32:33;04/10/2026 17:37:58;
ZZ;30295;0001;0348;DIGITAÇÃO DE BUEx;Outros | Outros | Outros | Outros | Outros | Outros | Outros | Outros | Outros | Outros | Outros | Outros | Outros | Outros | Outros | Outros;Pres.,Pres.,Pres.,Pres.,Pres.,Pres.,Pres.,Pres.,Pres.,Pres.,Pres.,Pres.,Pres.,Pres.,Pres.,Pres.,Pres.;0;04/10/2026 17:32:33;04/10/2026 17:37:58;
ZZ;30325;0001;0352;DIGITAÇÃO DE BUEx;Outros | Outros | Outros | Outros | Outros | Outros | Outros | Outros | Outros | Outros | Outros | Outros | Outros | Outros | Outros;Pres.,Pres.,Pres.,Pres.,Pres.,Pres.,Pres.,Pres.,Pres.,Pres.,Pres.,Pres.,Pres.,Pres.,Pres.,Pres.;0;04/10/2026 17:32:33;04/10/2026 17:37:58;
ZZ;30333;0001;0353;DIGITAÇÃO DE BUEx;Outros | Outros | Outros | Outros | Outros | Outros | Outros | Outros | Outros | Outros | Outros | Outros | Outros | Outros | Outros | Outros | Outros | Outros;Pres.,Pres.,Pres.,Pres.,Pres.,Pres.,Pres.,Pres.,Pres.,Pres.,Pres.,Pres.,Pres.,Pres.,Pres.,Pres.,Pres.,Pres.,Pres.;0;04/10/2026 17:32:33;04/10/2026 17:37:58;
ZZ;30430;0001;0384;DIGITAÇÃO DE BUEx;Outros | Outros | Outros | Outros | Outros | Outros | Outros | Outros | Outros | Outros | Outros | Outros | Outros | Outros | Outros | Outros | Outros | Outros | Outros | Outros | Outros | Outros | Outros | Outros | Outros;Pres.,Pres.,Pres.,Pres.,Pres.,Pres.,Pres.,Pres.,Pres.,Pres.,Pres.,Pres.,Pres.,Pres.,Pres.,Pres.,Pres.,Pres.,Pres.,Pres.,Pres.,Pres.,Pres.,Pres.,Pres.,Pres.;1;04/10/2026 17:32:33;04/10/2026 17:37:58;
ZZ;30546;0001;1764;DIGITAÇÃO DE BUEx;Outros | Outros | Outros | Outros | Outros | Outros | Outros | Outros | Outros | Outros | Outros | Outros | Outros | Outros | Outros | Outros | Outros | Outros | Outros | Outros | Outros;Pres.,Pres.,Pres.,Pres.,Pres.,Pres.,Pres.,Pres.,Pres.,Pres.,Pres.,Pres.,Pres.,Pres.,Pres.,Pres.,Pres.,Pres.,Pres.,Pres.,Pres.,Pres.;0;04/10/2026 17:32:33;04/10/2026 17:37:58;
ZZ;30597;0001;1182;DIGITAÇÃO DE BUEx;Outros | Outros | Outros | Outros | Outros | Outros | Outros | Outros | Outros | Outros | Outros | Outros | Outros | Outros | Outros | Outros | Outros | Outros | Outros | Outros;Pres.,Pres.,Pres.,Pres.,Pres.,Pres.,Pres.,Pres.,Pres.,Pres.,Pres.,Pres.,Pres.,Pres.,Pres.,Pres.,Pres.,Pres.,Pres.,Pres.,Pres.;0;04/10/2026 17:32:33;04/10/2026 17:37:58;
ZZ;30686;0001;0443;DIGITAÇÃO DE BUEx;Outros | Outros | Outros | Outros | Outros | Outros | Outros | Outros | Outros | Outros | Outros | Outros | Outros | Outros | Outros | Outros | Outros | Outros | Outros | Outros | Outros | Outros | Outros | Outros | Outros | Outros | Outros | Outros;Pres.,Pres.,Pres.,Pres.,Pres.,Pres.,Pres.,Pres.,Pres.,Pres.,Pres.,Pres.,Pres.,Pres.,Pres.,Pres.,Pres.,Pres.,Pres.,Pres.,Pres.,Pres.,Pres.,Pres.,Pres.,Pres.,Pres.,Pres.,Pres.;1;04/10/2026 17:32:33;04/10/2026 17:37:58;
ZZ;30708;0001;0444;DIGITAÇÃO DE BUEx;Outros | Outros | Outros | Outros | Outros | Outros | Outros | Outros | Outros | Outros | Outros | Outros | Outros | Outros | Outros | Outros | Outros | Outros | Outros | Outros | Outros | Outros | Outros | Outros | Outros | Outros | Outros;Pres.,Pres.,Pres.,Pres.,Pres.,Pres.,Pres.,Pres.,Pres.,Pres.,Pres.,Pres.,Pres.,Pres.,Pres.,Pres.,Pres.,Pres.,Pres.,Pres.,Pres.,Pres.,Pres.,Pres.,Pres.,Pres.,Pres.,Pres.;1;04/10/2026 17:32:33;04/10/2026 17:37:58;
ZZ;30821;0001;1524;DIGITAÇÃO DE BUEx;Outros | Outros | Outros | Outros | Outros | Outros | Outros | Outros | Outros | Outros | Outros | Outros | Outros | Outros | Outros | Outros | Outros | Outros | Outros | Outros | Outros | Outros;Pres.,Pres.,Pres.,Pres.,Pres.,Pres.,Pres.,Pres.,Pres.,Pres.,Pres.,Pres.,Pres.,Pres.,Pres.,Pres.,Pres.,Pres.,Pres.,Pres.,Pres.,Pres.,Pres.;0;04/10/2026 17:32:33;04/10/2026 17:37:58;
ZZ;38962;0001;0558;DIGITAÇÃO DE BUEx;Outros | Outros | Outros | Outros | Outros | Outros | Outros | Outros;Pres.,Pres.,Pres.,Pres.,Pres.,Pres.,Pres.,Pres.;0;04/10/2026 17:32:33;04/10/2026 17:37:58;
ZZ;39102;0001;0712;DIGITAÇÃO DE BUEx;Outros | Outros | Outros | Outros | Outros | Outros | Outros | Outros | Outros | Outros | Outros | Outros | Outros | Outros;Pres.,Pres.,Pres.,Pres.,Pres.,Pres.,Pres.,Pres.,Pres.,Pres.,Pres.,Pres.,Pres.,Pres.,Pres.;0;04/10/2026 17:32:33;04/10/2026 17:37:58;
ZZ;99155;0001;1504;DIGITAÇÃO DE BUEx;Outros | Outros | Outros | Outros | Outros | Outros | Outros | Outros | Outros | Outros | Outros | Outros | Outros | Outros | Outros | Outros | Outros | Outros | Outros;Pres.,Pres.,Pres.,Pres.,Pres.,Pres.,Pres.,Pres.,Pres.,Pres.,Pres.,Pres.,Pres.,Pres.,Pres.,Pres.,Pres.,Pres.,Pres.,Pres.;0;04/10/2026 17:32:33;04/10/2026 17:37:58;
ZZ;99180;0001;1228;DIGITAÇÃO DE BUEx;Outros | Outros | Outros | Outros | Outros | Outros | Outros | Outros | Outros | Outros | Outros | Outros | Outros | Outros | Outros | Outros | Outros;Pres.,Pres.,Pres.,Pres.,Pres.,Pres.,Pres.,Pres.,Pres.,Pres.,Pres.,Pres.,Pres.,Pres.,Pres.,Pres.,Pres.,Pres.;0;04/10/2026 17:32:33;04/10/2026 17:37:58;
ZZ;99473;0001;1327;DIGITAÇÃO DE BUEx;Outros | Outros | Outros | Outros | Outros;Pres.,Pres.,Pres.,Pres.,Pres.;0;04/10/2026 17:32:33;04/10/2026 17:37:58;
